{
  "coef": [
    -0.5306739069977255,
    -0.45746328010986337,
    -0.21001065237558791,
    0.6816937847754779,
    -0.14785137361880352
  ],
  "intercept": -0.08469211983320832,
  "feature_names": [
    "ret_1",
    "ret_5",
    "ret_10",
    "vol_10",
    "ma_ratio_5_20"
  ],
  "n_features": 5
}