{
  "coef": [
    -0.15279016813108506,
    -0.48509597998179704,
    0.057660280357430295,
    -0.043740586349696166,
    -0.23064973390231422,
    0.3564627737826387,
    0.07905635881006709,
    -0.052461184070331957,
    1.970675280280048e-06,
    0.09377956559706685,
    0.07829965850175964,
    0.046045521101818455,
    -0.17147583561749452,
    -0.04782647573300719,
    0.44066227614480225,
    0.04471528361291867,
    0.0357722268903281,
    0.00894305672258126,
    0.8601175987361279,
    -0.7085799936607488,
    0.057660280357410526,
    -0.043740586349692606,
    0.008440937627284486
  ],
  "intercept": 0.24444779129071623,
  "feature_names": [
    "ret_1",
    "ret_3",
    "ret_5",
    "ret_10",
    "ret_20",
    "vol_5",
    "vol_10",
    "vol_20",
    "atr_14",
    "ma_ratio_5_20",
    "ma_ratio_10_30",
    "ema_ratio_12_26",
    "price_to_ma_20",
    "price_to_ma_50",
    "rsi_14",
    "macd_norm",
    "macd_signal_norm",
    "macd_hist_norm",
    "bb_width",
    "bb_position",
    "momentum_5",
    "momentum_10",
    "trend_slope_norm"
  ],
  "n_features": 23
}