{
  "coef": [
    0.025371411164973028,
    -0.03793422808413897,
    -0.03522227801922592,
    -0.04420189350632353,
    0.0785695393796807,
    0.03407808344151542,
    0.04417480708242338,
    -0.038913565312030496,
    -0.03522227801922592,
    0.025496794205136623
  ],
  "intercept": -1.2850777449983171e-05,
  "scaler_mean": [
    5.893932838545595e-05,
    0.0002994702157660564,
    0.0005840647292953542,
    0.004617249532950304,
    0.0047100616300879234,
    0.00035655876185599684,
    0.00022425533293517485,
    -0.0016488653783134424,
    0.0005840647292953542,
    6.145266276949732e-07
  ],
  "scaler_scale": [
    0.005156779148146464,
    0.011456994681651456,
    0.01596695023945672,
    0.0023210085129886475,
    0.002128061902484172,
    0.009544384666575116,
    0.008556418415157006,
    0.318278838059789,
    0.01596695023945672,
    4.695656511036178e-05
  ],
  "feature_names": [
    "ret_1",
    "ret_5",
    "ret_10",
    "vol_10",
    "vol_20",
    "ma_ratio_5_20",
    "price_to_ma10",
    "rsi_normalized",
    "momentum_10",
    "ret_vol_interaction"
  ],
  "n_features": 10
}