{
  "coef": [
    -0.005072199958741003,
    -0.015242176528353848,
    -0.00380091180375768,
    -0.0018879457832298228,
    0.0009049743479219907,
    0.00728091329991342,
    0.005692543510383682,
    0.0052351380694645715,
    0.00018784256550163897,
    0.02792088945033607,
    0.0026356897901007653,
    0.004624836330349698,
    0.001957164258449585,
    -0.005030083513101858,
    -0.0007505185448999296,
    0.01599662344139127,
    0.0017340606655468233,
    0.0013872485324395313,
    0.0003468121331098828,
    0.016971930618592306,
    -0.16436190151319738,
    -0.00380091180375768,
    -0.0018879457832298228,
    0.001215345858792067,
    0.00045930446281210223,
    0.13374993051635356,
    -0.13066725130497578
  ],
  "intercept": 0.06562315929517393,
  "feature_names": [
    "ret_1",
    "ret_3",
    "ret_5",
    "ret_10",
    "ret_20",
    "vol_5",
    "vol_10",
    "vol_20",
    "atr_14",
    "vol_ratio",
    "ma_ratio_5_20",
    "ma_ratio_10_30",
    "ema_ratio_12_26",
    "price_to_ma_20",
    "price_to_ma_50",
    "rsi_14",
    "macd_norm",
    "macd_signal_norm",
    "macd_hist_norm",
    "bb_width",
    "bb_position",
    "momentum_5",
    "momentum_10",
    "roc_14",
    "trend_slope_norm",
    "trend_strength",
    "price_range_position"
  ],
  "n_features": 27
}