{
  "coef": [
    -0.5278702163589036,
    -0.46770834088922714,
    -0.21204510666108758,
    0.6898279306319143,
    -0.15169181541889187
  ],
  "intercept": -0.08527851032703669,
  "feature_names": [
    "ret_1",
    "ret_5",
    "ret_10",
    "vol_10",
    "ma_ratio_5_20"
  ],
  "n_features": 5
}