{
  "coef": [
    0.10742436614353715,
    -0.27125926355352653,
    -0.6772800465944802,
    0.034644958134545156,
    -0.36856896762801666
  ],
  "intercept": -0.03630252890214692,
  "feature_names": [
    "ret_1",
    "ret_5",
    "ret_10",
    "vol_10",
    "ma_ratio_5_20"
  ],
  "n_features": 5
}