{
  "coef": [
    -0.5306739069936957,
    -0.45746328011256393,
    -0.21001065237460795,
    0.6816937847725504,
    -0.1478513736185216
  ],
  "intercept": -0.08469211983318202,
  "feature_names": [
    "ret_1",
    "ret_5",
    "ret_10",
    "vol_10",
    "ma_ratio_5_20"
  ],
  "n_features": 5
}